filename,burst_id,scene,camera_class,mean_brightness,std_contrast,sharpness,dark_pixel_frac,usable,label_source
b0000_0.jpg,b0000,indoor,older,63.08935546875,13.314391516685225,190.06211007052804,0.06884765625,0,auto
b0000_1.jpg,b0000,indoor,older,79.44732666015625,13.996622044060121,193.80555941569446,0.02703857421875,1,auto
b0000_2.jpg,b0000,indoor,older,66.5091552734375,12.885038151792791,200.32318734561207,0.03717041015625,1,auto
b0001_0.jpg,b0001,evening,modern,47.47760009765625,7.567041585822196,29.0483993479612,0.14080810546875,0,auto
b0001_1.jpg,b0001,evening,modern,45.6875,5.437376525178526,25.763369063597207,0.138671875,0,auto
b0001_2.jpg,b0001,evening,modern,49.35772705078125,6.772767780451401,27.578889022741777,0.1290283203125,0,auto
b0002_0.jpg,b0002,indoor,modern,121.6937255859375,11.766157013490139,27.18039148844123,0.0,1,reviewed
b0002_1.jpg,b0002,indoor,modern,123.70257568359375,14.871810753388575,27.333228417340333,0.0,1,auto
b0002_2.jpg,b0002,indoor,modern,115.03802490234375,16.07474095538037,29.90018631212165,0.0,1,auto
b0003_0.jpg,b0003,indoor,modern,115.00958251953125,19.154977870472422,36.814938178949454,0.0,0,reviewed
b0003_1.jpg,b0003,indoor,modern,115.67999267578125,19.605202496820905,32.08656326693272,0.0,1,auto
b0003_2.jpg,b0003,indoor,modern,112.668212890625,19.282982102345194,71.51381714605454,0.0,1,auto
b0004_0.jpg,b0004,indoor,modern,100.19256591796875,18.455521936517215,27.335354757509688,0.0,1,auto
b0004_1.jpg,b0004,indoor,modern,95.034423828125,10.080191724137478,25.442938492052196,0.0,1,auto
b0004_2.jpg,b0004,indoor,modern,106.93670654296875,14.966705735043726,25.911289089364715,0.0,1,reviewed
b0005_0.jpg,b0005,indoor,modern,93.73480224609375,9.031380823822946,28.01103094028372,0.0,0,reviewed
b0005_1.jpg,b0005,indoor,modern,102.1512451171875,18.456503736839338,32.27969941537255,0.0,1,auto
b0005_2.jpg,b0005,indoor,modern,98.45635986328125,17.172306490011895,35.4277166524449,0.0,1,auto
b0006_0.jpg,b0006,indoor,modern,89.09716796875,9.177021915491512,27.1042826286781,0.0,1,auto
b0006_1.jpg,b0006,indoor,modern,99.9814453125,14.568317053738888,29.165172324268635,0.0,1,auto
b0006_2.jpg,b0006,indoor,modern,89.3272705078125,12.32692973733083,28.814685842404106,0.0,1,auto
b0007_0.jpg,b0007,daylight,older,85.161865234375,12.084300484537291,186.34729171299747,0.0009765625,1,reviewed
b0007_1.jpg,b0007,daylight,older,77.79644775390625,15.702483960134028,192.1730031025317,0.03765869140625,1,auto
b0007_2.jpg,b0007,daylight,older,87.97760009765625,10.530185809651282,193.85913949309452,6.103515625e-05,1,auto
b0008_0.jpg,b0008,evening,modern,50.74493408203125,9.861272473441726,25.58651122857457,0.11761474609375,0,auto
b0008_1.jpg,b0008,evening,modern,53.7322998046875,7.270511910544343,25.986274074352355,0.07745361328125,0,auto
b0008_2.jpg,b0008,evening,modern,50.9228515625,8.014911047239003,25.985636467521925,0.07464599609375,0,auto
b0009_0.jpg,b0009,indoor,modern,98.59521484375,9.224036701945746,34.6715212711224,0.0,1,auto
b0009_1.jpg,b0009,indoor,modern,90.0535888671875,14.41054316151463,51.5436666942526,0.0,1,auto
b0009_2.jpg,b0009,indoor,modern,97.8837890625,14.515555062346234,50.05766729594095,0.0,1,auto
b0010_0.jpg,b0010,daylight,modern,166.67474365234375,19.79940559022614,89.16529835415673,0.0,1,auto
b0010_1.jpg,b0010,daylight,modern,189.4879150390625,20.989737202283088,99.2727424740608,0.0,1,auto
b0010_2.jpg,b0010,daylight,modern,177.88787841796875,26.84505398355066,120.50367292401769,0.0,0,reviewed
b0011_0.jpg,b0011,daylight,older,112.088134765625,16.998967277840386,210.73303761809956,6.103515625e-05,1,auto
b0011_1.jpg,b0011,daylight,older,113.105224609375,13.301603413405445,196.10701975598258,0.0,1,auto
b0011_2.jpg,b0011,daylight,older,109.45648193359375,17.331116900356818,214.06068055808998,0.00048828125,1,auto
b0012_0.jpg,b0012,daylight,modern,216.04034423828125,32.09576423478796,180.0482597141027,0.0,1,reviewed
b0012_1.jpg,b0012,daylight,modern,213.14251708984375,40.61957762986121,266.5109433870675,0.0,1,auto
b0012_2.jpg,b0012,daylight,modern,216.29718017578125,21.072761591948296,81.72621668573984,0.0,1,auto
b0013_0.jpg,b0013,evening,older,37.578857421875,9.658569819602706,191.39178205865866,0.57550048828125,0,auto
b0013_1.jpg,b0013,evening,older,34.620849609375,10.565818397965627,187.7391391429816,0.66864013671875,0,auto
b0013_2.jpg,b0013,evening,older,37.60546875,10.774368699558385,186.95519995739602,0.55419921875,0,auto
b0014_0.jpg,b0014,indoor,modern,115.6851806640625,14.787579086213956,55.730604921436765,0.0,1,auto
b0014_1.jpg,b0014,indoor,modern,122.10064697265625,22.208964410061174,88.1717560193754,0.0,1,auto
b0014_2.jpg,b0014,indoor,modern,123.41796875,8.22197889134048,31.725133142373668,0.0,1,reviewed
b0015_0.jpg,b0015,evening,modern,60.7568359375,6.167221516915741,27.44518879402939,0.00152587890625,0,auto
b0015_1.jpg,b0015,evening,modern,61.74383544921875,6.7015763316097345,29.42356728386344,0.01226806640625,0,auto
b0015_2.jpg,b0015,evening,modern,58.517578125,8.083612050498155,26.63944355478766,0.073974609375,1,reviewed
b0016_0.jpg,b0016,evening,modern,66.4696044921875,7.786248328121016,25.251578847630388,0.0223388671875,1,auto
b0016_1.jpg,b0016,evening,modern,65.3414306640625,7.388138938639273,25.291191372264326,0.0006103515625,1,auto
b0016_2.jpg,b0016,evening,modern,66.5609130859375,13.007911525383756,25.645758706980246,0.11260986328125,1,reviewed
b0017_0.jpg,b0017,daylight,modern,194.7877197265625,24.242712048698973,138.0615396801505,0.0,1,auto
b0017_1.jpg,b0017,daylight,modern,206.8780517578125,16.965858458551466,62.616217483411475,0.0,1,auto
b0017_2.jpg,b0017,daylight,modern,202.0882568359375,18.358318421417586,71.16913089899093,0.0,1,auto
b0018_0.jpg,b0018,evening,modern,66.28302001953125,10.519352504310842,36.54816682539311,0.0667724609375,1,auto
b0018_1.jpg,b0018,evening,modern,66.80859375,8.465051047300213,26.618861481755452,0.0062255859375,1,auto
b0018_2.jpg,b0018,evening,modern,66.295166015625,8.527616904510607,31.213433306896373,0.00653076171875,1,reviewed
b0019_0.jpg,b0019,daylight,modern,215.12548828125,36.80716084684244,225.75221265465157,0.0,1,reviewed
b0019_1.jpg,b0019,daylight,modern,215.0125732421875,18.14941346438173,73.36612387875405,0.0,1,reviewed
b0019_2.jpg,b0019,daylight,modern,225.24053955078125,35.95152327758055,250.80186053880695,0.0,1,auto
b0020_0.jpg,b0020,evening,modern,55.69366455078125,6.828230040580296,26.341340915802295,0.0654296875,0,auto
b0020_1.jpg,b0020,evening,modern,57.09765625,10.059805752223099,28.361059400028157,0.12884521484375,0,auto
b0020_2.jpg,b0020,evening,modern,51.16766357421875,9.936162290078924,29.324046140931262,0.11920166015625,0,auto
b0021_0.jpg,b0021,daylight,modern,182.32281494140625,33.452694079807664,190.69073842655092,0.0,1,reviewed
b0021_1.jpg,b0021,daylight,modern,171.283203125,30.91019543341934,148.74742595216483,0.0,1,auto
b0021_2.jpg,b0021,daylight,modern,186.8953857421875,31.91871111642237,166.1377629839394,0.0,1,reviewed
b0022_0.jpg,b0022,daylight,modern,173.5146484375,31.174540225556516,154.13692727962055,0.0,1,auto
b0022_1.jpg,b0022,daylight,modern,183.5283203125,32.32944737675642,171.34936573227353,0.0,1,auto
b0022_2.jpg,b0022,daylight,modern,188.85919189453125,25.02610472499347,115.24597970864984,0.0,1,auto
b0023_0.jpg,b0023,daylight,modern,184.95465087890625,10.599168120373163,40.695842963761066,0.0,1,auto
b0023_1.jpg,b0023,daylight,modern,182.01605224609375,18.398304435325734,80.16560312691584,0.0,1,auto
b0023_2.jpg,b0023,daylight,modern,197.63507080078125,14.50077257572295,48.24350640380865,0.0,1,auto
b0024_0.jpg,b0024,evening,older,43.57379150390625,11.678903051812647,192.4694596956929,0.3314208984375,0,auto
b0024_1.jpg,b0024,evening,older,43.8572998046875,10.842737837036145,191.04920300856784,0.31488037109375,0,reviewed
b0024_2.jpg,b0024,evening,older,41.43194580078125,12.325877388307646,187.50492136411145,0.38555908203125,0,reviewed
b0025_0.jpg,b0025,evening,older,45.1690673828125,10.186174914271374,191.60109796764945,0.27655029296875,0,auto
b0025_1.jpg,b0025,evening,older,41.07708740234375,10.497318873335878,184.68126033009463,0.42877197265625,0,auto
b0025_2.jpg,b0025,evening,older,38.9544677734375,10.012461818159121,192.61732263014406,0.51605224609375,0,auto
b0026_0.jpg,b0026,daylight,modern,149.6636962890625,11.254548143553883,43.58058966127232,0.0,1,reviewed
b0026_1.jpg,b0026,daylight,modern,138.89794921875,15.483084762509256,53.552491761688835,0.0,1,auto
b0026_2.jpg,b0026,daylight,modern,155.67083740234375,12.529106313366805,50.41687351153237,0.0,1,auto
b0027_0.jpg,b0027,daylight,modern,154.220703125,14.392414590603021,50.10940760451799,0.0,1,auto
b0027_1.jpg,b0027,daylight,modern,142.09454345703125,23.369615951451284,158.56273519776255,0.0,1,auto
b0027_2.jpg,b0027,daylight,modern,146.9525146484375,25.401366785952916,108.90870682206365,0.0,1,reviewed
b0028_0.jpg,b0028,evening,modern,53.1756591796875,4.716838220450645,26.7163811919539,0.0078125,0,auto
b0028_1.jpg,b0028,evening,modern,54.96063232421875,5.263721418766844,26.571601365411176,0.00775146484375,0,auto
b0028_2.jpg,b0028,evening,modern,55.8448486328125,5.761990752184513,26.577489589724046,0.01507568359375,0,auto
b0029_0.jpg,b0029,daylight,modern,157.38946533203125,12.223918498352504,41.44058183385757,0.0,1,auto
b0029_1.jpg,b0029,daylight,modern,150.4754638671875,21.42789185490197,62.81591522002562,0.0,1,reviewed
b0029_2.jpg,b0029,daylight,modern,154.97601318359375,25.651108047533395,53.84537897130851,0.0,1,auto
b0030_0.jpg,b0030,indoor,modern,108.70758056640625,19.450021744340685,33.307725758609806,0.0,1,auto
b0030_1.jpg,b0030,indoor,modern,105.18756103515625,12.612072359368023,27.096566136836163,0.0,0,reviewed
b0030_2.jpg,b0030,indoor,modern,112.11956787109375,12.245611574789082,27.183735512737318,0.0,1,auto
b0031_0.jpg,b0031,evening,modern,51.07244873046875,9.631589551820339,34.78067027334997,0.10650634765625,0,auto
b0031_1.jpg,b0031,evening,modern,52.54180908203125,8.679878629121763,31.494398840989383,0.09405517578125,0,auto
b0031_2.jpg,b0031,evening,modern,56.93499755859375,7.380335118404514,28.88992544728223,0.05926513671875,0,auto
b0032_0.jpg,b0032,daylight,modern,161.41796875,27.180779689808357,140.74991880382422,0.0,1,auto
b0032_1.jpg,b0032,daylight,modern,170.85736083984375,28.374803882645317,47.7408056159035,0.0,1,auto
b0032_2.jpg,b0032,daylight,modern,180.71282958984375,23.857962700736824,41.01901730891316,0.0,0,reviewed
b0033_0.jpg,b0033,daylight,modern,188.76751708984375,22.125904091635817,32.59102140028323,0.0,1,auto
b0033_1.jpg,b0033,daylight,modern,183.42236328125,28.765492647727488,38.93101039125384,0.0,1,reviewed
b0033_2.jpg,b0033,daylight,modern,178.94720458984375,11.613594171412233,27.552266563892044,0.0,1,auto
b0034_0.jpg,b0034,daylight,older,85.32318115234375,17.169720484077878,188.67380467776,0.0238037109375,1,auto
b0034_1.jpg,b0034,daylight,older,81.46405029296875,14.954628699256524,193.30891874878176,0.0313720703125,1,reviewed
b0034_2.jpg,b0034,daylight,older,84.66290283203125,13.417584288390596,193.89213546013426,0.003173828125,0,reviewed
b0035_0.jpg,b0035,daylight,older,81.78564453125,17.481919342036058,190.90553288007192,0.04302978515625,1,reviewed
b0035_1.jpg,b0035,daylight,older,97.19635009765625,16.0866097285015,191.30515867132547,0.00390625,1,auto
b0035_2.jpg,b0035,daylight,older,106.28912353515625,11.424112249399842,192.588348833217,0.0,1,reviewed
b0036_0.jpg,b0036,indoor,older,59.8199462890625,11.909025168579715,189.1417902473724,0.0635986328125,1,reviewed
b0036_1.jpg,b0036,indoor,older,69.06005859375,13.11745249495893,191.75845172224786,0.03955078125,1,auto
b0036_2.jpg,b0036,indoor,older,60.99200439453125,10.901044022355126,190.58792782127696,0.03179931640625,0,auto
b0037_0.jpg,b0037,indoor,modern,89.7532958984375,16.064454567859897,28.905590163589032,0.002685546875,1,auto
b0037_1.jpg,b0037,indoor,modern,95.7188720703125,10.516330552910892,25.55089929375097,0.0,1,auto
b0037_2.jpg,b0037,indoor,modern,91.33502197265625,12.367071679989316,27.67026934835071,0.00030517578125,1,auto
b0038_0.jpg,b0038,daylight,modern,206.58612060546875,12.684267993478228,28.37628726705156,0.0,1,auto
b0038_1.jpg,b0038,daylight,modern,206.0811767578125,19.16304177576243,33.34581725248763,0.0,1,auto
b0038_2.jpg,b0038,daylight,modern,200.3447265625,22.690853133825907,49.399252856413824,0.0,1,auto
b0039_0.jpg,b0039,daylight,modern,165.94708251953125,19.788319358678294,35.03049538506542,0.0,1,auto
b0039_1.jpg,b0039,daylight,modern,166.1756591796875,10.994151423928953,39.83275690080428,0.0,1,auto
b0039_2.jpg,b0039,daylight,modern,178.57720947265625,16.99983902801971,68.27900271833776,0.0,1,auto
b0040_0.jpg,b0040,indoor,older,63.88385009765625,11.322417653681756,192.7618008321763,0.032470703125,1,auto
b0040_1.jpg,b0040,indoor,older,67.06036376953125,10.726165040182545,194.9212419947563,0.00909423828125,1,reviewed
b0040_2.jpg,b0040,indoor,older,55.81976318359375,10.768036401857605,190.07798780679093,0.0738525390625,0,reviewed
b0041_0.jpg,b0041,evening,modern,52.4476318359375,7.359495537574585,24.91226440447797,0.11456298828125,0,reviewed
b0041_1.jpg,b0041,evening,modern,55.56890869140625,5.652958955416507,25.850377359878035,0.0130615234375,1,reviewed
b0041_2.jpg,b0041,evening,modern,58.49755859375,7.566388714582441,25.51206751939203,0.06402587890625,0,auto
b0042_0.jpg,b0042,indoor,older,70.062744140625,12.85249450226024,199.05209592228348,0.02667236328125,0,reviewed
b0042_1.jpg,b0042,indoor,older,67.50250244140625,15.04391337635547,189.4074325521086,0.07806396484375,1,auto
b0042_2.jpg,b0042,indoor,older,72.27374267578125,12.550073689641223,196.21655491261876,0.01690673828125,1,auto
b0043_0.jpg,b0043,indoor,modern,112.6541748046875,14.965435751723856,27.768515685087667,0.0,1,auto
b0043_1.jpg,b0043,indoor,modern,126.53533935546875,11.809899521837286,25.348934110851044,0.0,1,auto
b0043_2.jpg,b0043,indoor,modern,117.32818603515625,18.946918977779664,27.9530260782885,0.0,1,auto
b0044_0.jpg,b0044,daylight,modern,138.8765869140625,13.284522709690473,47.98524544658984,0.0,1,auto
b0044_1.jpg,b0044,daylight,modern,128.90594482421875,21.580424588067135,86.10579057056187,0.0,1,reviewed
b0044_2.jpg,b0044,daylight,modern,114.35540771484375,21.403888243453824,77.68738852475535,0.0,1,reviewed
b0045_0.jpg,b0045,indoor,older,54.80169677734375,10.943978864676133,194.05438857377808,0.0848388671875,0,auto
b0045_1.jpg,b0045,indoor,older,52.80548095703125,12.666544491440485,190.39980602175848,0.141845703125,0,auto
b0045_2.jpg,b0045,indoor,older,57.8953857421875,11.601167110166108,194.6459172918346,0.0721435546875,0,auto
b0046_0.jpg,b0046,indoor,modern,85.68927001953125,12.161774415677659,43.88455570760729,0.00048828125,1,auto
b0046_1.jpg,b0046,indoor,modern,89.46856689453125,11.965215015131074,42.01569474575493,0.0,1,auto
b0046_2.jpg,b0046,indoor,modern,95.5802001953125,9.150297422962373,27.131392385669017,0.0,1,reviewed
b0047_0.jpg,b0047,daylight,modern,192.1060791015625,18.334577060139992,76.64454791517308,0.0,1,auto
b0047_1.jpg,b0047,daylight,modern,184.37823486328125,22.898914719300397,89.87129437734603,0.0,1,auto
b0047_2.jpg,b0047,daylight,modern,194.94024658203125,15.001058925439557,58.283805046747055,0.0,1,auto
b0048_0.jpg,b0048,indoor,modern,94.14251708984375,17.276633620303354,31.30726577604187,0.0,0,reviewed
b0048_1.jpg,b0048,indoor,modern,102.6583251953125,9.038854201776171,33.26751184545831,0.0,1,reviewed
b0048_2.jpg,b0048,indoor,modern,85.24578857421875,7.851524445692999,26.20072190531882,0.0,1,auto
b0049_0.jpg,b0049,daylight,older,128.90283203125,18.115284486274607,226.53743539541142,0.0,1,reviewed
b0049_1.jpg,b0049,daylight,older,118.5662841796875,15.12178348938083,194.0427169514516,0.0,1,auto
b0049_2.jpg,b0049,daylight,older,119.00732421875,21.94318213601339,202.26121573651787,0.00067138671875,1,reviewed
b0050_0.jpg,b0050,evening,older,32.39111328125,9.97031037606051,187.440954941678,0.76263427734375,0,auto
b0050_1.jpg,b0050,evening,older,32.16253662109375,9.395817268325953,187.20052441134087,0.7813720703125,0,auto
b0050_2.jpg,b0050,evening,older,31.41302490234375,10.414499300684128,186.005207256989,0.77764892578125,0,auto
b0051_0.jpg,b0051,daylight,modern,161.55328369140625,25.64228585626031,33.98304380984731,0.0,1,auto
b0051_1.jpg,b0051,daylight,modern,150.4739990234375,19.12631308615255,30.5339978846614,0.0,1,auto
b0051_2.jpg,b0051,daylight,modern,143.326904296875,12.423828218553336,29.014499191624708,0.0,1,auto
b0052_0.jpg,b0052,indoor,modern,99.86956787109375,12.308866518866806,40.62762679012865,0.0,1,reviewed
b0052_1.jpg,b0052,indoor,modern,105.20751953125,13.049855651276369,43.708295094189545,0.0,1,auto
b0052_2.jpg,b0052,indoor,modern,103.6429443359375,10.281449538471504,42.07293140434133,0.0,1,auto
b0053_0.jpg,b0053,indoor,modern,107.70147705078125,12.485125242083416,49.45326736136764,0.0,1,reviewed
b0053_1.jpg,b0053,indoor,modern,100.14739990234375,20.962556469979283,78.38159364582107,0.00091552734375,1,reviewed
b0053_2.jpg,b0053,indoor,modern,103.99493408203125,8.166520187521359,31.976044949547894,0.0,1,auto
b0054_0.jpg,b0054,daylight,modern,154.24627685546875,20.95524736537496,39.43251378374541,0.0,1,auto
b0054_1.jpg,b0054,daylight,modern,154.0267333984375,16.800407133657743,36.764207723963835,0.0,1,auto
b0054_2.jpg,b0054,daylight,modern,145.08135986328125,19.482242495731608,85.97732017858479,0.0,1,reviewed
b0055_0.jpg,b0055,daylight,modern,145.11407470703125,9.987870434125183,35.279393773865976,0.0,1,auto
b0055_1.jpg,b0055,daylight,modern,153.39959716796875,21.42140037160725,95.14887817350811,0.0,1,auto
b0055_2.jpg,b0055,daylight,modern,154.8924560546875,20.291847234360876,86.41898458327265,0.0,1,auto
b0056_0.jpg,b0056,evening,modern,46.105712890625,4.9107072288908356,24.417890030646454,0.09686279296875,0,reviewed
b0056_1.jpg,b0056,evening,modern,45.0264892578125,5.03388483791674,24.68710184962065,0.14324951171875,0,auto
b0056_2.jpg,b0056,evening,modern,47.76861572265625,5.042034141976268,24.63448504403364,0.08404541015625,0,auto
b0057_0.jpg,b0057,daylight,modern,175.94805908203125,11.715485999293172,48.080315542613846,0.0,1,reviewed
b0057_1.jpg,b0057,daylight,modern,170.27545166015625,21.222442906646865,102.15630669862618,0.0,1,auto
b0057_2.jpg,b0057,daylight,modern,169.27423095703125,38.81652153103011,206.69582146802705,0.0,1,reviewed
b0058_0.jpg,b0058,indoor,older,75.55084228515625,13.784822844102498,204.8623131852253,0.02642822265625,1,auto
b0058_1.jpg,b0058,indoor,older,68.44207763671875,14.57572794734947,198.21723648729707,0.0621337890625,1,auto
b0058_2.jpg,b0058,indoor,older,67.39794921875,13.346986605910669,202.1958070702675,0.04833984375,1,auto
b0059_0.jpg,b0059,indoor,older,55.1400146484375,11.167002888663118,192.1838312633163,0.08599853515625,1,reviewed
b0059_1.jpg,b0059,indoor,older,42.92364501953125,10.50314859297803,189.35925076388563,0.35693359375,0,auto
b0059_2.jpg,b0059,indoor,older,53.230712890625,11.752664220876131,185.7067237837123,0.1182861328125,0,auto
b0060_0.jpg,b0060,indoor,modern,107.55926513671875,10.491103855386582,30.34381414760722,0.0,1,auto
b0060_1.jpg,b0060,indoor,modern,100.8753662109375,9.097251184502735,26.427228051182496,0.0,1,auto
b0060_2.jpg,b0060,indoor,modern,94.990966796875,20.104491842107482,46.16288718398008,0.006591796875,1,auto
b0061_0.jpg,b0061,daylight,modern,167.0638427734375,25.624425036969704,128.56318227212682,0.0,1,auto
b0061_1.jpg,b0061,daylight,modern,183.1409912109375,21.529138466716763,102.56431561855622,0.0,1,auto
b0061_2.jpg,b0061,daylight,modern,170.81427001953125,24.108602628168825,43.5691221946025,0.0,1,reviewed
b0062_0.jpg,b0062,evening,modern,65.2576904296875,6.91987322478779,25.391799279847547,0.00347900390625,1,auto
b0062_1.jpg,b0062,evening,modern,63.7567138671875,7.219047027314695,25.143208773614518,0.00054931640625,0,reviewed
b0062_2.jpg,b0062,evening,modern,62.0462646484375,11.898319340856188,26.339224946786434,0.10980224609375,0,reviewed
b0063_0.jpg,b0063,indoor,modern,92.81622314453125,14.064512980682988,27.106394622982066,0.0001220703125,1,reviewed
b0063_1.jpg,b0063,indoor,modern,95.44561767578125,10.22720868299973,26.058674458721597,0.0,1,auto
b0063_2.jpg,b0063,indoor,modern,102.66473388671875,10.470555415798941,25.92483619141706,0.0,1,reviewed
b0064_0.jpg,b0064,indoor,older,81.28778076171875,12.33840893572651,188.60604357404387,0.0009765625,1,auto
b0064_1.jpg,b0064,indoor,older,77.67181396484375,11.637411321517005,194.49638760769244,0.00262451171875,1,auto
b0064_2.jpg,b0064,indoor,older,78.11688232421875,13.083656914959937,195.02858617794857,0.0101318359375,1,reviewed
b0065_0.jpg,b0065,indoor,modern,61.664306640625,8.327515538658366,30.664872908144975,0.02435302734375,0,reviewed
b0065_1.jpg,b0065,indoor,modern,61.65814208984375,11.181104835267057,38.0158271643966,0.115966796875,1,reviewed
b0065_2.jpg,b0065,indoor,modern,55.2657470703125,5.081747129211107,26.443415630460745,0.010009765625,0,auto
b0066_0.jpg,b0066,daylight,modern,140.3533935546875,20.968400488596952,77.4370473385996,0.0,1,reviewed
b0066_1.jpg,b0066,daylight,modern,170.6212158203125,20.258689640340908,79.89303375271143,0.0,1,auto
b0066_2.jpg,b0066,daylight,modern,143.70159912109375,13.42255736701977,30.13160284166684,0.0,1,auto
b0067_0.jpg,b0067,daylight,modern,196.10711669921875,32.149225394917636,73.12270295815934,0.0,1,auto
b0067_1.jpg,b0067,daylight,modern,200.3333740234375,24.44236872940606,40.452703340523556,0.0,1,auto
b0067_2.jpg,b0067,daylight,modern,206.760009765625,16.57224867577661,29.76351635857838,0.0,1,auto
b0068_0.jpg,b0068,indoor,modern,76.4730224609375,14.213413481578717,35.74070533323037,0.07818603515625,1,auto
b0068_1.jpg,b0068,indoor,modern,82.0301513671875,6.105762924897816,27.325386702853514,0.0,1,auto
b0068_2.jpg,b0068,indoor,modern,82.633056640625,12.979038502972228,41.08541040443728,0.0,1,auto
b0069_0.jpg,b0069,evening,modern,52.96002197265625,4.750519184157501,24.823110809343948,0.0140380859375,0,reviewed
b0069_1.jpg,b0069,evening,modern,53.12567138671875,9.022887032096016,38.59483847679953,0.07574462890625,0,auto
b0069_2.jpg,b0069,evening,modern,51.11181640625,10.14571314093634,34.68526863868781,0.1085205078125,0,auto
b0070_0.jpg,b0070,indoor,modern,104.95684814453125,15.235077090468753,62.93432179523544,0.0,1,auto
b0070_1.jpg,b0070,indoor,modern,107.61383056640625,11.204900121945604,39.503524456611814,0.0,1,auto
b0070_2.jpg,b0070,indoor,modern,102.75201416015625,17.060899924854294,63.5374888848854,0.0,1,auto
b0071_0.jpg,b0071,evening,older,39.22625732421875,11.130924357699639,193.80857230112997,0.4842529296875,0,auto
b0071_1.jpg,b0071,evening,older,42.62451171875,9.786652349741786,193.96866103422826,0.37603759765625,0,reviewed
b0071_2.jpg,b0071,evening,older,39.92218017578125,10.318954477870557,184.66482428135046,0.4696044921875,1,reviewed
b0072_0.jpg,b0072,daylight,older,120.346435546875,21.93676218465789,236.8546687379195,0.00018310546875,1,auto
b0072_1.jpg,b0072,daylight,older,110.92633056640625,11.16144093441894,196.3026126530894,0.0,1,reviewed
b0072_2.jpg,b0072,daylight,older,122.5982666015625,18.63771684468969,198.41817152789244,0.0,1,auto
b0073_0.jpg,b0073,indoor,modern,111.80108642578125,6.656849392859228,28.91140624342133,0.0,1,auto
b0073_1.jpg,b0073,indoor,modern,107.72381591796875,19.582388157885998,75.36234525007956,0.0,1,auto
b0073_2.jpg,b0073,indoor,modern,119.14166259765625,9.727137285698785,33.89516209945682,0.0,1,reviewed
b0074_0.jpg,b0074,evening,older,26.10687255859375,9.866800474118415,178.84109068385538,0.91314697265625,0,auto
b0074_1.jpg,b0074,evening,older,20.2081298828125,9.357928066301213,160.91564664597493,0.97686767578125,0,auto
b0074_2.jpg,b0074,evening,older,22.41058349609375,9.107495400068379,169.94698525425324,0.96600341796875,0,auto
b0075_0.jpg,b0075,indoor,modern,92.53619384765625,10.315756283506524,25.952743043436364,0.0,1,auto
b0075_1.jpg,b0075,indoor,modern,85.77142333984375,14.487296977232349,27.830276388434232,0.0003662109375,1,auto
b0075_2.jpg,b0075,indoor,modern,87.78509521484375,8.856089283547265,26.023606352129317,0.0,1,reviewed
b0076_0.jpg,b0076,indoor,older,84.7750244140625,10.655839721271128,195.20284312141567,0.0001220703125,0,reviewed
b0076_1.jpg,b0076,indoor,older,75.7684326171875,13.020991900114305,190.93002603117242,0.01300048828125,1,reviewed
b0076_2.jpg,b0076,indoor,older,74.80645751953125,11.188938228068615,190.55670922700267,0.004638671875,1,auto
b0077_0.jpg,b0077,daylight,older,70.7740478515625,15.130167483790586,206.46152489452973,0.0618896484375,1,reviewed
b0077_1.jpg,b0077,daylight,older,83.12548828125,13.155920599938794,197.2186051681918,0.0040283203125,1,auto
b0077_2.jpg,b0077,daylight,older,85.556884765625,13.830152974965237,200.42794073163319,0.00250244140625,1,auto
b0078_0.jpg,b0078,indoor,modern,119.6619873046875,9.251168124924554,25.917325531222456,0.0,1,auto
b0078_1.jpg,b0078,indoor,modern,110.75225830078125,22.819708589828377,29.750159212389853,0.0,1,auto
b0078_2.jpg,b0078,indoor,modern,125.13232421875,10.426123340835735,25.480540658148712,0.0,1,reviewed
b0079_0.jpg,b0079,daylight,modern,157.37847900390625,14.860323912624967,29.421226770533398,0.0,1,auto
b0079_1.jpg,b0079,daylight,modern,164.2335205078125,29.991706770511886,41.959790622786656,0.0,1,auto
b0079_2.jpg,b0079,daylight,modern,164.438232421875,28.27284436896304,39.10673241198922,0.0,1,auto
b0080_0.jpg,b0080,evening,modern,61.01544189453125,10.707045054261565,38.169869315124586,0.089599609375,1,reviewed
b0080_1.jpg,b0080,evening,modern,67.865478515625,10.345565818032455,38.21142355955739,0.05364990234375,1,auto
b0080_2.jpg,b0080,evening,modern,64.341796875,7.154509620096456,25.91652407708064,0.00128173828125,1,reviewed
b0081_0.jpg,b0081,indoor,older,56.10626220703125,11.985785642353637,194.13741751458952,0.09466552734375,0,auto
b0081_1.jpg,b0081,indoor,older,52.68328857421875,11.128674078427913,190.47219116845076,0.12158203125,0,reviewed
b0081_2.jpg,b0081,indoor,older,52.6309814453125,10.901007520166834,189.2012330786395,0.11614990234375,0,auto
b0082_0.jpg,b0082,daylight,modern,181.64825439453125,30.109129606708407,140.9860163062133,0.0,1,reviewed
b0082_1.jpg,b0082,daylight,modern,180.32757568359375,25.07083580459673,114.09949068295434,0.0,1,auto
b0082_2.jpg,b0082,daylight,modern,168.5142822265625,34.54718652508847,168.6971583012544,0.0,1,reviewed
b0083_0.jpg,b0083,evening,modern,61.53350830078125,8.59080774896728,34.0922544162653,0.06976318359375,0,reviewed
b0083_1.jpg,b0083,evening,modern,65.96405029296875,5.929002068537387,28.683825726012163,6.103515625e-05,1,auto
b0083_2.jpg,b0083,evening,modern,61.6234130859375,6.846516184064482,28.480089005562103,0.0009765625,0,reviewed
b0084_0.jpg,b0084,evening,older,44.06378173828125,10.442534655647213,195.13896768682616,0.31524658203125,1,reviewed
b0084_1.jpg,b0084,evening,older,42.41888427734375,10.969351493714793,196.00466941773365,0.36669921875,0,reviewed
b0084_2.jpg,b0084,evening,older,41.9190673828125,11.77160653518829,191.47915195377792,0.37274169921875,0,reviewed
b0085_0.jpg,b0085,evening,older,46.365234375,10.163496325687133,191.92249755396654,0.23681640625,0,auto
b0085_1.jpg,b0085,evening,older,48.6014404296875,10.22262984809192,193.98872843204177,0.1846923828125,0,reviewed
b0085_2.jpg,b0085,evening,older,49.8177490234375,11.574755431216659,187.55984885346916,0.169677734375,1,reviewed
b0086_0.jpg,b0086,indoor,modern,123.1275634765625,14.24460516783713,27.348293843961983,0.0,1,auto
b0086_1.jpg,b0086,indoor,modern,117.9571533203125,16.084436628680525,28.652305407283023,0.0,1,auto
b0086_2.jpg,b0086,indoor,modern,119.4544677734375,16.80455135811707,28.09826817843232,0.0,1,auto
b0087_0.jpg,b0087,daylight,modern,199.47808837890625,32.651394052210634,39.93968975128725,0.0,1,auto
b0087_1.jpg,b0087,daylight,modern,208.56494140625,31.314132339508536,34.3291670036747,0.0,1,auto
b0087_2.jpg,b0087,daylight,modern,209.38623046875,20.524919849150976,27.801790497002777,0.0,1,auto
b0088_0.jpg,b0088,evening,older,43.97259521484375,10.142185860865709,192.3656577957337,0.3226318359375,0,auto
b0088_1.jpg,b0088,evening,older,48.4400634765625,10.044788439815854,187.71905127194222,0.18511962890625,0,auto
b0088_2.jpg,b0088,evening,older,44.892822265625,10.223693722127988,186.74334963525158,0.28729248046875,1,reviewed
b0089_0.jpg,b0089,indoor,modern,99.71356201171875,12.633483445291846,41.98276109020443,0.0,1,auto
b0089_1.jpg,b0089,indoor,modern,102.22589111328125,18.215193452756598,71.02155416686057,0.00018310546875,1,auto
b0089_2.jpg,b0089,indoor,modern,115.9654541015625,9.477842320774473,35.17777270683812,0.0,1,reviewed
b0090_0.jpg,b0090,daylight,older,157.8990478515625,22.917991087782177,201.35640452420466,0.0,1,auto
b0090_1.jpg,b0090,daylight,older,143.56884765625,14.687637839786522,202.7778466057273,0.0,1,reviewed
b0090_2.jpg,b0090,daylight,older,156.333740234375,18.892458665009283,204.27258777166202,0.0,1,auto
b0091_0.jpg,b0091,indoor,modern,106.2506103515625,18.97449748486774,26.522753678404623,0.0,1,auto
b0091_1.jpg,b0091,indoor,modern,118.23065185546875,21.54238102189873,29.712422298178343,0.0,1,auto
b0091_2.jpg,b0091,indoor,modern,111.76226806640625,18.59551763216659,26.652816607511816,0.0,1,auto
b0092_0.jpg,b0092,indoor,modern,130.682861328125,11.039955807641459,38.35092924324356,0.0,1,reviewed
b0092_1.jpg,b0092,indoor,modern,127.09735107421875,9.80800717281254,34.984857904491676,0.0,1,auto
b0092_2.jpg,b0092,indoor,modern,130.70391845703125,11.966334379158035,54.82369210134912,0.0,1,auto
b0093_0.jpg,b0093,daylight,modern,134.9993896484375,10.06762411354007,33.348755886922156,0.0,1,auto
b0093_1.jpg,b0093,daylight,modern,145.2750244140625,9.480141984190931,42.200847012643244,0.0,1,reviewed
b0093_2.jpg,b0093,daylight,modern,135.27337646484375,21.396223340080972,84.27383866039355,0.0,1,auto
b0094_0.jpg,b0094,daylight,modern,134.7100830078125,16.589035520633153,32.281408049455074,0.0,1,auto
b0094_1.jpg,b0094,daylight,modern,126.894287109375,21.107444780820362,101.73531983693641,0.0,1,reviewed
b0094_2.jpg,b0094,daylight,modern,135.91302490234375,15.905899010136741,37.84028571243949,0.0,1,auto
b0095_0.jpg,b0095,daylight,modern,198.7625732421875,22.97708767929858,43.56549471261259,0.0,1,auto
b0095_1.jpg,b0095,daylight,modern,196.16796875,25.940184525515107,40.3989710478026,0.0,1,auto
b0095_2.jpg,b0095,daylight,modern,199.66387939453125,36.31967642335451,80.41567967567703,0.0,1,reviewed
b0096_0.jpg,b0096,daylight,older,135.8740234375,15.25886249982328,195.1965362146361,0.0,1,reviewed
b0096_1.jpg,b0096,daylight,older,141.2059326171875,11.898078887379395,194.42212696589817,0.0,1,auto
b0096_2.jpg,b0096,daylight,older,141.28826904296875,12.316741380901936,193.71114729978234,0.0,1,auto
b0097_0.jpg,b0097,indoor,modern,116.24493408203125,14.761610895198421,26.903565828211697,0.0,1,auto
b0097_1.jpg,b0097,indoor,modern,112.13226318359375,11.869351004442994,26.29510938878037,0.0,1,reviewed
b0097_2.jpg,b0097,indoor,modern,122.1387939453125,18.94587206417257,27.86992902921263,0.0,1,auto
b0098_0.jpg,b0098,daylight,older,74.35687255859375,15.320231558441488,192.7870442735739,0.04559326171875,1,auto
b0098_1.jpg,b0098,daylight,older,87.29302978515625,15.215521514913398,194.7322501946138,0.00494384765625,1,reviewed
b0098_2.jpg,b0098,daylight,older,79.607421875,10.749838007216503,193.9543679087358,0.00054931640625,1,auto
b0099_0.jpg,b0099,indoor,older,65.384033203125,10.593524331246426,192.07492650982573,0.01507568359375,1,auto
b0099_1.jpg,b0099,indoor,older,67.378173828125,15.136082819224027,201.14702713403193,0.07769775390625,1,auto
b0099_2.jpg,b0099,indoor,older,64.23382568359375,14.838118203438844,201.26835770566575,0.09088134765625,1,auto
b0100_0.jpg,b0100,indoor,modern,106.46783447265625,22.317003562217714,30.240900253640053,0.0,1,auto
b0100_1.jpg,b0100,indoor,modern,99.7435302734375,11.907742468714712,26.306405527684888,0.0,1,auto
b0100_2.jpg,b0100,indoor,modern,99.9561767578125,10.854226901664585,25.267653712689782,0.0,1,reviewed
b0101_0.jpg,b0101,daylight,modern,152.0574951171875,15.730122624698833,26.591477692596403,0.0,1,auto
b0101_1.jpg,b0101,daylight,modern,148.7269287109375,9.903872321163185,26.826010034932835,0.0,1,auto
b0101_2.jpg,b0101,daylight,modern,156.07861328125,17.899156580133493,28.65305825769442,0.0,1,auto
b0102_0.jpg,b0102,daylight,modern,174.25946044921875,18.74651991406865,81.93200661781074,0.0,1,auto
b0102_1.jpg,b0102,daylight,modern,180.00653076171875,20.915713217577178,79.84205273711558,0.0,1,auto
b0102_2.jpg,b0102,daylight,modern,171.0238037109375,12.118808615145843,43.91767214608892,0.0,1,auto
b0103_0.jpg,b0103,daylight,modern,174.40936279296875,27.42366380800556,60.58615825955069,0.0,1,reviewed
b0103_1.jpg,b0103,daylight,modern,175.97003173828125,14.195362560071628,29.20765865017377,0.0,1,auto
b0103_2.jpg,b0103,daylight,modern,178.38262939453125,14.707537645510104,33.27780481167014,0.0,1,reviewed
b0104_0.jpg,b0104,indoor,modern,105.366455078125,7.44022322334595,29.35710699495055,0.0,1,auto
b0104_1.jpg,b0104,indoor,modern,106.4052734375,7.443484102844208,30.02348186753538,0.0,1,reviewed
b0104_2.jpg,b0104,indoor,modern,97.86346435546875,14.68268199268244,47.01974062191041,0.0,1,auto
b0105_0.jpg,b0105,daylight,modern,205.17388916015625,13.012219105751099,46.564816931977475,0.0,1,auto
b0105_1.jpg,b0105,daylight,modern,204.907958984375,33.871665831855395,215.84865987687215,0.0,1,auto
b0105_2.jpg,b0105,daylight,modern,199.3275146484375,24.94353065345294,120.46392852659227,0.0,1,auto
b0106_0.jpg,b0106,evening,modern,55.6461181640625,9.481640208562599,25.91868164603091,0.08270263671875,0,auto
b0106_1.jpg,b0106,evening,modern,62.82476806640625,9.294918088156708,26.183016009159306,0.07073974609375,0,auto
b0106_2.jpg,b0106,evening,modern,61.77020263671875,5.457174204726768,24.461283490364117,0.0,0,auto
b0107_0.jpg,b0107,evening,modern,52.26544189453125,6.612415234204058,24.7030873028824,0.0772705078125,0,reviewed
b0107_1.jpg,b0107,evening,modern,53.3167724609375,5.284242119576288,24.562358630328273,0.03271484375,1,reviewed
b0107_2.jpg,b0107,evening,modern,49.3680419921875,4.448494761024413,24.985353521082143,0.0311279296875,0,auto
b0108_0.jpg,b0108,daylight,modern,149.14300537109375,15.401094825599886,57.75721225024198,0.0,1,reviewed
b0108_1.jpg,b0108,daylight,modern,150.727294921875,20.394440426247048,79.9089552338693,0.0,1,auto
b0108_2.jpg,b0108,daylight,modern,146.11785888671875,15.271603979000213,58.0174882941371,0.0,1,auto
b0109_0.jpg,b0109,indoor,older,53.3956298828125,11.591921833782061,186.6677585489835,0.11383056640625,0,auto
b0109_1.jpg,b0109,indoor,older,52.710693359375,10.343569102823153,194.58966768414038,0.1029052734375,0,reviewed
b0109_2.jpg,b0109,indoor,older,49.93603515625,13.10834360896292,192.4162691861871,0.173828125,0,auto
b0110_0.jpg,b0110,indoor,modern,108.77532958984375,8.210316744123302,25.740028817276308,0.0,1,auto
b0110_1.jpg,b0110,indoor,modern,110.0250244140625,7.917226739676642,26.453820749665184,0.0,1,auto
b0110_2.jpg,b0110,indoor,modern,105.4866943359375,15.284902385296867,32.265180792250106,0.0,1,auto
b0111_0.jpg,b0111,daylight,modern,195.107177734375,24.06369187883489,43.75648834526635,0.0,1,reviewed
b0111_1.jpg,b0111,daylight,modern,196.488525390625,28.44124915487345,46.19012783738259,0.0,1,reviewed
b0111_2.jpg,b0111,daylight,modern,192.35394287109375,17.80320564343071,40.70440470076799,0.0,1,auto
b0112_0.jpg,b0112,daylight,modern,172.33636474609375,15.622217123046797,28.073019639870267,0.0,1,reviewed
b0112_1.jpg,b0112,daylight,modern,145.16326904296875,12.569193877234701,26.835872832759986,0.0,1,auto
b0112_2.jpg,b0112,daylight,modern,162.08758544921875,24.67081778490133,43.14131572673834,0.0,1,auto
b0113_0.jpg,b0113,evening,older,31.3936767578125,9.63493420252161,180.34896103817874,0.7979736328125,0,auto
b0113_1.jpg,b0113,evening,older,32.5823974609375,9.607649627331133,183.2371159627309,0.7613525390625,0,reviewed
b0113_2.jpg,b0113,evening,older,27.200927734375,9.29217497364699,177.4342473347356,0.90740966796875,0,auto
b0114_0.jpg,b0114,indoor,modern,82.5303955078125,14.339364080945757,31.890443778159554,0.04510498046875,1,reviewed
b0114_1.jpg,b0114,indoor,modern,90.2186279296875,12.95024770788374,28.883954284493598,0.0,1,auto
b0114_2.jpg,b0114,indoor,modern,86.98583984375,17.541650899697267,32.060911852495174,0.01336669921875,1,auto
b0115_0.jpg,b0115,daylight,modern,221.47784423828125,25.75668095105443,119.0780624306614,0.0,1,reviewed
b0115_1.jpg,b0115,daylight,modern,230.50262451171875,21.342748945837865,86.29778193278254,0.0,1,auto
b0115_2.jpg,b0115,daylight,modern,208.5888671875,36.69578454808602,225.83917729060585,0.0,1,auto
b0116_0.jpg,b0116,daylight,modern,183.277099609375,23.1001713836699,105.9811639325678,0.0,1,auto
b0116_1.jpg,b0116,daylight,modern,195.779052734375,14.167641170260149,56.66183766591602,0.0,1,auto
b0116_2.jpg,b0116,daylight,modern,182.0909423828125,34.62785420871752,182.31077128357992,0.0,1,reviewed
b0117_0.jpg,b0117,daylight,older,92.5986328125,11.667854607365093,192.23208687201054,0.0,1,auto
b0117_1.jpg,b0117,daylight,older,85.38916015625,12.748196857704523,194.34629186153404,0.00201416015625,1,auto
b0117_2.jpg,b0117,daylight,older,92.14398193359375,17.738775174489355,225.59212478261276,0.0281982421875,1,reviewed
b0118_0.jpg,b0118,indoor,older,73.934814453125,11.540954328869043,191.42018248225224,0.00732421875,1,auto
b0118_1.jpg,b0118,indoor,older,80.92242431640625,11.58762157271861,192.31864640256032,0.00067138671875,1,auto
b0118_2.jpg,b0118,indoor,older,81.2469482421875,11.484520745812295,190.08561665508225,0.0006103515625,1,auto
b0119_0.jpg,b0119,daylight,older,108.67425537109375,21.161471874649514,231.59221397914555,0.00927734375,1,auto
b0119_1.jpg,b0119,daylight,older,120.07489013671875,19.564991339030247,236.30573297106665,6.103515625e-05,1,auto
b0119_2.jpg,b0119,daylight,older,124.65118408203125,17.955065300238825,197.92874617778503,6.103515625e-05,1,auto
b0120_0.jpg,b0120,indoor,modern,116.46063232421875,13.782575509900303,26.407174268871447,0.0,1,auto
b0120_1.jpg,b0120,indoor,modern,124.73773193359375,9.83553114889454,26.692289079289548,0.0,1,auto
b0120_2.jpg,b0120,indoor,modern,117.79498291015625,21.69687290086905,29.303988091763145,0.0,1,auto
b0121_0.jpg,b0121,daylight,older,85.0784912109375,12.164298479122442,189.30826026894783,0.000244140625,1,auto
b0121_1.jpg,b0121,daylight,older,96.03253173828125,11.551223546294702,191.9949079173997,0.0,1,reviewed
b0121_2.jpg,b0121,daylight,older,99.70880126953125,13.687722268406443,193.45085433453153,0.0,1,auto
b0122_0.jpg,b0122,daylight,modern,147.3828125,11.5268850774979,27.5312158054411,0.0,1,auto
b0122_1.jpg,b0122,daylight,modern,140.86309814453125,18.814206358741604,30.806737241225733,0.0,1,reviewed
b0122_2.jpg,b0122,daylight,modern,156.2933349609375,15.411411708558427,27.43617999034622,0.0,1,auto
b0123_0.jpg,b0123,indoor,older,54.45294189453125,10.055436301154948,193.88130829879367,0.07086181640625,1,reviewed
b0123_1.jpg,b0123,indoor,older,60.30645751953125,11.244080139489135,196.98054521907295,0.042236328125,0,auto
b0123_2.jpg,b0123,indoor,older,63.4117431640625,12.823871622375213,191.7491972244779,0.05804443359375,1,auto
b0124_0.jpg,b0124,evening,modern,67.966064453125,7.684185053807482,25.534645128438378,0.0008544921875,1,auto
b0124_1.jpg,b0124,evening,modern,65.3541259765625,8.784187401709316,25.10011546999348,0.00714111328125,1,auto
b0124_2.jpg,b0124,evening,modern,69.16790771484375,5.58789348335553,27.43549092752597,0.0,0,reviewed
b0125_0.jpg,b0125,indoor,older,75.36773681640625,13.377033709471174,193.7321967820202,0.02252197265625,1,auto
b0125_1.jpg,b0125,indoor,older,71.115478515625,11.75638102438646,193.89014818875316,0.01007080078125,1,auto
b0125_2.jpg,b0125,indoor,older,62.0068359375,12.169666525755071,188.49730073816897,0.0556640625,0,auto
b0126_0.jpg,b0126,evening,modern,58.294189453125,7.3385703427196916,25.36323026542761,0.05877685546875,1,reviewed
b0126_1.jpg,b0126,evening,modern,60.55963134765625,5.351897458571511,25.655258722012274,0.0003662109375,0,auto
b0126_2.jpg,b0126,evening,modern,57.0848388671875,8.465513658794682,26.063628195208526,0.07080078125,0,reviewed
b0127_0.jpg,b0127,daylight,older,132.00628662109375,16.069061677435897,195.88914868325116,0.0,1,auto
b0127_1.jpg,b0127,daylight,older,127.58477783203125,21.027007029847557,232.2050063064724,0.0,1,auto
b0127_2.jpg,b0127,daylight,older,130.50482177734375,21.03277300374408,228.90531592384406,0.0,1,auto
b0128_0.jpg,b0128,indoor,modern,104.048828125,8.571729377736238,32.82534701916078,0.0,1,reviewed
b0128_1.jpg,b0128,indoor,modern,104.6451416015625,17.56481936223643,58.53553902730598,0.0,1,auto
b0128_2.jpg,b0128,indoor,modern,94.23291015625,16.373772196566467,66.58964063764819,0.0,1,reviewed
b0129_0.jpg,b0129,daylight,modern,162.626953125,30.922176935958767,35.617822109969964,0.0,1,auto
b0129_1.jpg,b0129,daylight,modern,152.2919921875,12.410787871908111,26.163546301920555,0.0,1,auto
b0129_2.jpg,b0129,daylight,modern,161.02276611328125,22.979305753972525,29.007584692086738,0.0,1,auto
b0130_0.jpg,b0130,daylight,older,134.9635009765625,16.565241838175066,196.60582200499758,0.0,1,reviewed
b0130_1.jpg,b0130,daylight,older,116.599853515625,17.474047161355962,195.00275962248247,0.0,1,auto
b0130_2.jpg,b0130,daylight,older,105.18377685546875,16.502551530730795,192.0753824792416,0.0018310546875,1,auto
b0131_0.jpg,b0131,daylight,older,125.8455810546875,17.048223551845616,190.12645332178877,0.0,1,auto
b0131_1.jpg,b0131,daylight,older,107.8157958984375,17.543719927313877,188.8096656428913,0.000244140625,1,reviewed
b0131_2.jpg,b0131,daylight,older,120.1572265625,14.094215503795144,202.89748374251536,0.0,1,auto
b0132_0.jpg,b0132,evening,modern,74.194091796875,12.612484098392288,47.12191822548441,0.07373046875,1,reviewed
b0132_1.jpg,b0132,evening,modern,81.03521728515625,6.7493519999039515,30.308925933246496,0.0,1,auto
b0132_2.jpg,b0132,evening,modern,82.73773193359375,13.51939532427393,48.4940812676591,0.00384521484375,1,auto
b0133_0.jpg,b0133,evening,modern,60.19586181640625,5.163763934679121,25.084925950867465,0.00067138671875,0,auto
b0133_1.jpg,b0133,evening,modern,56.3427734375,10.489755582989384,37.14948981785867,0.09759521484375,0,reviewed
b0133_2.jpg,b0133,evening,modern,59.8455810546875,7.873346335815768,30.436887554412476,0.04193115234375,1,reviewed
b0134_0.jpg,b0134,indoor,older,53.369873046875,12.491917722364345,198.2544343782965,0.13543701171875,1,reviewed
b0134_1.jpg,b0134,indoor,older,57.33172607421875,10.348440180014554,189.79301632433013,0.0465087890625,0,auto
b0134_2.jpg,b0134,indoor,older,65.04443359375,14.326104965001704,207.6232437630726,0.07769775390625,1,auto
b0135_0.jpg,b0135,daylight,older,103.49029541015625,12.54861750667174,200.2458315948934,0.0,1,auto
b0135_1.jpg,b0135,daylight,older,93.37103271484375,18.75327362718932,231.12138522968843,0.03271484375,1,auto
b0135_2.jpg,b0135,daylight,older,97.48883056640625,14.13180395619233,202.472014966474,6.103515625e-05,0,reviewed
b0136_0.jpg,b0136,indoor,modern,145.44842529296875,10.961208732869387,36.77800428723803,0.0,1,auto
b0136_1.jpg,b0136,indoor,modern,143.2259521484375,12.659305970623606,47.64261022774634,0.0,1,auto
b0136_2.jpg,b0136,indoor,modern,138.18719482421875,19.26073423810096,94.63151771786835,0.0,1,reviewed
b0137_0.jpg,b0137,indoor,modern,94.97747802734375,8.6109794947151,32.52380351744397,0.0,1,auto
b0137_1.jpg,b0137,indoor,modern,93.28302001953125,10.037073113226947,34.37475096017834,0.0,1,auto
b0137_2.jpg,b0137,indoor,modern,92.25238037109375,11.815639585577047,39.4624362375391,0.0,1,reviewed
b0138_0.jpg,b0138,daylight,modern,130.61529541015625,16.663815646191956,27.505324609012415,0.0,1,reviewed
b0138_1.jpg,b0138,daylight,modern,128.1702880859375,22.55231940103335,30.93775141037789,0.0,1,auto
b0138_2.jpg,b0138,daylight,modern,135.4156494140625,22.432915165671503,30.585308224742562,0.0,1,reviewed
b0139_0.jpg,b0139,indoor,modern,74.85772705078125,9.180539726914308,34.014639232948866,0.0,1,auto
b0139_1.jpg,b0139,indoor,modern,77.0594482421875,7.127612671215785,28.27758869728168,0.0,1,auto
b0139_2.jpg,b0139,indoor,modern,81.15411376953125,9.313515381973641,33.2929184422446,0.0,1,reviewed
b0140_0.jpg,b0140,indoor,older,71.1173095703125,13.795548959062868,192.26919257583322,0.04486083984375,0,reviewed
b0140_1.jpg,b0140,indoor,older,59.80242919921875,13.028953501831888,190.8178659732606,0.07843017578125,0,auto
b0140_2.jpg,b0140,indoor,older,60.6766357421875,12.788083671694887,195.79649303634898,0.06640625,0,auto
b0141_0.jpg,b0141,daylight,modern,133.83038330078125,11.740598474465745,26.881143409754113,0.0,1,reviewed
b0141_1.jpg,b0141,daylight,modern,120.7904052734375,23.39840261332565,35.22089053527726,0.0,1,auto
b0141_2.jpg,b0141,daylight,modern,130.03814697265625,13.657097277201547,26.49019096264989,0.0,1,auto
b0142_0.jpg,b0142,indoor,older,66.00311279296875,11.089124369190008,195.79034068205155,0.0135498046875,1,auto
b0142_1.jpg,b0142,indoor,older,61.16424560546875,12.227441100310111,192.65389472312827,0.0601806640625,0,auto
b0142_2.jpg,b0142,indoor,older,62.71624755859375,12.263400064175809,188.73885376712408,0.05224609375,0,auto
b0143_0.jpg,b0143,daylight,older,110.9951171875,13.803972572246353,190.98243993425183,0.0,1,auto
b0143_1.jpg,b0143,daylight,older,107.18243408203125,16.352175962962303,193.31495392211443,0.0001220703125,1,auto
b0143_2.jpg,b0143,daylight,older,112.59893798828125,12.159773201887848,195.43719185051364,0.0,1,auto
b0144_0.jpg,b0144,daylight,modern,179.8699951171875,16.94102947255036,31.319792684101458,0.0,1,reviewed
b0144_1.jpg,b0144,daylight,modern,178.619140625,17.565841954154934,34.415118841521696,0.0,1,reviewed
b0144_2.jpg,b0144,daylight,modern,172.5694580078125,23.829650254445895,74.34469081375387,0.0,1,auto
b0145_0.jpg,b0145,indoor,modern,137.64227294921875,15.470305244093298,27.190463339200594,0.0,1,auto
b0145_1.jpg,b0145,indoor,modern,130.6162109375,17.870100697093324,26.97601663068662,0.0,1,auto
b0145_2.jpg,b0145,indoor,modern,134.2635498046875,18.34914274693301,30.39218243208016,0.0,1,auto
b0146_0.jpg,b0146,daylight,older,103.89581298828125,15.438668574451146,205.73886110534946,0.00128173828125,1,auto
b0146_1.jpg,b0146,daylight,older,91.70965576171875,16.717968425909387,208.0527733800213,0.01416015625,1,auto
b0146_2.jpg,b0146,daylight,older,103.23126220703125,14.170209787731366,203.86622798045644,6.103515625e-05,1,reviewed
b0147_0.jpg,b0147,daylight,modern,157.96942138671875,17.07503989195021,67.66337957351963,0.0,1,auto
b0147_1.jpg,b0147,daylight,modern,167.6727294921875,15.376772746856414,58.99633265172662,0.0,1,reviewed
b0147_2.jpg,b0147,daylight,modern,163.7762451171875,24.099965398106228,105.20689326827224,0.0,1,auto
b0148_0.jpg,b0148,indoor,older,91.32452392578125,12.002887394440839,196.0007526505226,0.0,1,auto
b0148_1.jpg,b0148,indoor,older,83.1302490234375,11.01239438604378,197.515454266075,0.00030517578125,0,reviewed
b0148_2.jpg,b0148,indoor,older,76.4449462890625,17.402147500914925,192.28930806227908,0.0614013671875,1,auto
b0149_0.jpg,b0149,indoor,modern,69.0755615234375,9.00559469267165,26.805641058737017,0.0008544921875,1,auto
b0149_1.jpg,b0149,indoor,modern,73.1341552734375,13.764257360385319,27.184736179131978,0.0924072265625,1,reviewed
b0149_2.jpg,b0149,indoor,modern,70.49664306640625,5.804817962913165,24.925856143236867,0.0,1,auto
b0150_0.jpg,b0150,daylight,modern,204.90692138671875,25.418413945879735,31.14807876438246,0.0,1,reviewed
b0150_1.jpg,b0150,daylight,modern,198.3662109375,18.66996710698275,28.352216196527376,0.0,1,reviewed
b0150_2.jpg,b0150,daylight,modern,205.9019775390625,13.532748762098898,26.860276533622695,0.0,1,auto
b0151_0.jpg,b0151,indoor,older,64.3399658203125,10.467485903102247,192.39246705835467,0.01220703125,1,auto
b0151_1.jpg,b0151,indoor,older,63.350341796875,11.272322249945324,188.23927323569197,0.031005859375,1,reviewed
b0151_2.jpg,b0151,indoor,older,67.3193359375,15.631559627719765,192.9690470925365,0.0841064453125,1,auto
b0152_0.jpg,b0152,daylight,modern,134.84124755859375,11.111572624858454,43.07265019539649,0.0,1,auto
b0152_1.jpg,b0152,daylight,modern,111.166259765625,18.683333808036558,76.86882763039506,0.0,1,reviewed
b0152_2.jpg,b0152,daylight,modern,128.21435546875,8.254479073805443,33.067592332221054,0.0,1,auto
b0153_0.jpg,b0153,daylight,modern,162.84869384765625,25.66666524098513,114.61092142197924,0.0,1,auto
b0153_1.jpg,b0153,daylight,modern,158.84808349609375,13.497845241407873,48.973056208372945,0.0,1,reviewed
b0153_2.jpg,b0153,daylight,modern,151.8316650390625,13.414614714940612,49.402520992158365,0.0,1,auto
b0154_0.jpg,b0154,daylight,modern,191.4814453125,26.92859204982822,45.78183727413398,0.0,1,reviewed
b0154_1.jpg,b0154,daylight,modern,185.10882568359375,14.271170890704242,31.1412871657041,0.0,1,auto
b0154_2.jpg,b0154,daylight,modern,168.304443359375,36.06965463016481,58.33377005063887,0.0,1,auto
b0155_0.jpg,b0155,daylight,modern,183.570556640625,25.323821296968124,29.03376672671877,0.0,1,auto
b0155_1.jpg,b0155,daylight,modern,177.41754150390625,27.5256279271504,30.023701353125315,0.0,1,auto
b0155_2.jpg,b0155,daylight,modern,185.46612548828125,18.81843176255213,27.748135853392423,0.0,1,auto
b0156_0.jpg,b0156,daylight,modern,204.06439208984375,25.82430480003013,37.98481314862065,0.0,1,auto
b0156_1.jpg,b0156,daylight,modern,195.55218505859375,22.943333862188535,35.44932758388054,0.0,1,reviewed
b0156_2.jpg,b0156,daylight,modern,204.89178466796875,26.836005883983454,51.471910651428715,0.0,1,auto
b0157_0.jpg,b0157,daylight,modern,133.33489990234375,16.115609025489587,28.744785390370588,0.0,1,auto
b0157_1.jpg,b0157,daylight,modern,127.34075927734375,14.615290707692848,26.50383245065579,0.0,1,auto
b0157_2.jpg,b0157,daylight,modern,139.01318359375,12.23429306412076,26.882942178309186,0.0,1,auto
b0158_0.jpg,b0158,evening,older,29.505859375,10.168794648975714,178.70313735965067,0.83624267578125,0,reviewed
b0158_1.jpg,b0158,evening,older,33.05645751953125,10.25124675866707,187.21072908820753,0.730224609375,0,auto
b0158_2.jpg,b0158,evening,older,32.32086181640625,9.620662290591861,189.6525507746285,0.771728515625,0,auto
b0159_0.jpg,b0159,daylight,modern,162.61968994140625,14.83674030218527,26.58117826075072,0.0,1,auto
b0159_1.jpg,b0159,daylight,modern,169.5167236328125,27.19991344856024,30.71515433600648,0.0,1,auto
b0159_2.jpg,b0159,daylight,modern,169.1900634765625,19.140998310029822,26.695096917256887,0.0,1,auto
b0160_0.jpg,b0160,indoor,older,60.625,10.32337849517722,194.23898110589948,0.02557373046875,0,auto
b0160_1.jpg,b0160,indoor,older,58.90631103515625,10.25408165754424,191.54369341015948,0.03515625,0,reviewed
b0160_2.jpg,b0160,indoor,older,51.87164306640625,12.454328344681205,188.84327020982144,0.16033935546875,1,reviewed
b0161_0.jpg,b0161,evening,modern,76.54266357421875,7.08091047116717,29.874142362209952,0.0,1,auto
b0161_1.jpg,b0161,evening,modern,74.47772216796875,12.797919172408946,45.78204557363916,0.079345703125,1,reviewed
b0161_2.jpg,b0161,evening,modern,76.2452392578125,10.797656868007987,29.812065081133078,0.0086669921875,1,reviewed
b0162_0.jpg,b0162,daylight,modern,149.92352294921875,25.955600299458208,45.06865108168805,0.0,1,reviewed
b0162_1.jpg,b0162,daylight,modern,154.6451416015625,24.01572266020863,43.026723122080384,0.0,1,auto
b0162_2.jpg,b0162,daylight,modern,158.7452392578125,15.511145006903185,31.420057697825108,0.0,1,auto
b0163_0.jpg,b0163,daylight,modern,167.04766845703125,19.413155114193454,27.468690665820795,0.0,1,auto
b0163_1.jpg,b0163,daylight,modern,174.7623291015625,13.558630346756026,27.293148222107714,0.0,1,auto
b0163_2.jpg,b0163,daylight,modern,160.0758056640625,19.530302866668404,28.983319452657877,0.0,1,reviewed
b0164_0.jpg,b0164,daylight,modern,170.55072021484375,17.755225647999204,69.99616810096042,0.0,1,reviewed
b0164_1.jpg,b0164,daylight,modern,183.469970703125,29.084084753291474,161.2652041907717,0.0,1,reviewed
b0164_2.jpg,b0164,daylight,modern,179.1875,10.919449390880477,39.70445847469908,0.0,1,reviewed
b0165_0.jpg,b0165,indoor,older,58.77874755859375,13.424705391092965,200.14594676197848,0.09869384765625,0,auto
b0165_1.jpg,b0165,indoor,older,60.9453125,13.88173093001306,199.0266793003051,0.08624267578125,0,auto
b0165_2.jpg,b0165,indoor,older,63.98455810546875,11.80600612361615,191.31941498652668,0.04217529296875,1,auto
b0166_0.jpg,b0166,evening,modern,68.50042724609375,5.571906531483257,27.398972473932297,0.0,1,auto
b0166_1.jpg,b0166,evening,modern,63.14752197265625,8.459283365661205,31.266786533573065,0.01611328125,1,auto
b0166_2.jpg,b0166,evening,modern,63.8599853515625,9.49813280374611,37.52532688151743,0.076171875,1,auto
b0167_0.jpg,b0167,daylight,modern,182.42803955078125,15.067457282480452,33.913441292069514,0.0,1,reviewed
b0167_1.jpg,b0167,daylight,modern,188.48095703125,18.843989780349162,84.79710723696977,0.0,1,auto
b0167_2.jpg,b0167,daylight,modern,176.00213623046875,24.38867420583888,39.90886754419054,0.0,1,auto
b0168_0.jpg,b0168,daylight,modern,167.890869140625,21.838355012116175,108.97963342631381,0.0,1,auto
b0168_1.jpg,b0168,daylight,modern,165.3731689453125,21.49254169366386,97.98076159485446,0.0,1,auto
b0168_2.jpg,b0168,daylight,modern,164.3580322265625,25.08411360418293,112.31565554333291,0.0,1,auto
b0169_0.jpg,b0169,indoor,modern,129.6929931640625,12.58624969452776,26.287404198343648,0.0,1,auto
b0169_1.jpg,b0169,indoor,modern,126.252197265625,15.546223135082482,28.013483706550772,0.0,1,reviewed
b0169_2.jpg,b0169,indoor,modern,120.93414306640625,11.48612322038332,26.57632842031138,0.0,1,auto
b0170_0.jpg,b0170,daylight,older,99.27008056640625,18.562910831505683,214.1211193045487,0.00665283203125,1,reviewed
b0170_1.jpg,b0170,daylight,older,86.6248779296875,13.326981238831882,193.91747431768158,0.00128173828125,1,auto
b0170_2.jpg,b0170,daylight,older,94.42950439453125,13.96901779310144,197.82955770363148,0.0009765625,1,auto
b0171_0.jpg,b0171,daylight,modern,201.4483642578125,20.515063176811477,32.17433141742097,0.0,1,reviewed
b0171_1.jpg,b0171,daylight,modern,204.53497314453125,38.57040187634294,62.25876259353734,0.0,1,auto
b0171_2.jpg,b0171,daylight,modern,193.621337890625,12.262934568270095,28.74396597698893,0.0,1,auto
b0172_0.jpg,b0172,daylight,older,126.49810791015625,17.936145591671057,220.77081632444623,0.0,1,auto
b0172_1.jpg,b0172,daylight,older,134.9609375,20.60053147306293,219.20528479385433,0.0,1,auto
b0172_2.jpg,b0172,daylight,older,131.53387451171875,18.63914691797765,224.1852625593775,0.0,1,auto
b0173_0.jpg,b0173,indoor,older,52.9873046875,12.62291945886442,190.49815487069748,0.14373779296875,1,reviewed
b0173_1.jpg,b0173,indoor,older,55.047119140625,10.530808433874475,193.50497720227878,0.072509765625,0,auto
b0173_2.jpg,b0173,indoor,older,51.00592041015625,12.461592424306167,195.71363343210285,0.1407470703125,0,auto
b0174_0.jpg,b0174,daylight,modern,158.97119140625,12.521193952439745,41.58835702481374,0.0,1,auto
b0174_1.jpg,b0174,daylight,modern,153.31219482421875,14.651318723881555,49.042711466041695,0.0,1,auto
b0174_2.jpg,b0174,daylight,modern,156.63922119140625,29.49107762446213,151.03990257481414,0.0,1,auto
b0175_0.jpg,b0175,evening,modern,38.31427001953125,6.676039865115028,28.339221517924713,0.47161865234375,0,reviewed
b0175_1.jpg,b0175,evening,modern,35.6785888671875,4.09107624527357,25.21526561832961,0.833984375,0,auto
b0175_2.jpg,b0175,evening,modern,32.61944580078125,4.023371089924248,24.76336546175479,0.96759033203125,0,reviewed
b0176_0.jpg,b0176,daylight,modern,169.08929443359375,12.273858607520719,51.89852965681502,0.0,1,auto
b0176_1.jpg,b0176,daylight,modern,172.96356201171875,23.976730823935917,145.16073752985747,0.0,1,auto
b0176_2.jpg,b0176,daylight,modern,169.87225341796875,17.18220022410541,79.38152077482158,0.0,1,auto
b0177_0.jpg,b0177,evening,modern,68.461181640625,14.0607362425248,45.2836409572627,0.12628173828125,1,auto
b0177_1.jpg,b0177,evening,modern,71.62127685546875,11.071216725179312,40.735610571351344,0.05401611328125,1,auto
b0177_2.jpg,b0177,evening,modern,66.0740966796875,9.15399678517514,33.56438204698593,0.049560546875,1,auto
b0178_0.jpg,b0178,daylight,modern,165.84649658203125,14.999131116810256,50.95845752209826,0.0,1,auto
b0178_1.jpg,b0178,daylight,modern,163.27001953125,30.058239605201116,57.29684356634508,0.0,1,auto
b0178_2.jpg,b0178,daylight,modern,149.02862548828125,15.920842962607678,30.892876567078698,0.0,1,auto
b0179_0.jpg,b0179,indoor,modern,73.45330810546875,11.631451609608861,41.41327759275272,0.02178955078125,0,reviewed
b0179_1.jpg,b0179,indoor,modern,69.4351806640625,11.330854094390949,36.52845775131689,0.01910400390625,1,auto
b0179_2.jpg,b0179,indoor,modern,68.164306640625,8.778315257356278,31.16856898082325,0.0001220703125,1,auto
b0180_0.jpg,b0180,evening,modern,62.03179931640625,5.501888617034822,25.14934327630451,0.0003662109375,1,reviewed
b0180_1.jpg,b0180,evening,modern,61.83843994140625,10.811459460761343,26.55994391212541,0.0963134765625,1,reviewed
b0180_2.jpg,b0180,evening,modern,63.71856689453125,6.208019715340188,25.20463577798629,6.103515625e-05,1,auto
b0181_0.jpg,b0181,evening,modern,81.9532470703125,10.990574872979376,41.378007352455896,0.00018310546875,1,auto
b0181_1.jpg,b0181,evening,modern,77.21533203125,15.41182769490912,51.21258951476921,0.06805419921875,1,auto
b0181_2.jpg,b0181,evening,modern,75.98919677734375,7.2959844872392985,30.61048633325489,0.0,1,auto
b0182_0.jpg,b0182,evening,modern,67.76434326171875,8.780829926748604,26.84578555665884,0.0269775390625,1,auto
b0182_1.jpg,b0182,evening,modern,65.94488525390625,7.832136382493717,27.1211549962315,0.0006103515625,0,reviewed
b0182_2.jpg,b0182,evening,modern,66.55853271484375,6.556050900769496,25.627732512083536,0.0,1,reviewed
b0183_0.jpg,b0183,indoor,modern,108.5504150390625,12.04400794043033,39.440339491752205,0.0,1,auto
b0183_1.jpg,b0183,indoor,modern,113.674072265625,13.402114441482366,45.56613370328854,0.0,1,auto
b0183_2.jpg,b0183,indoor,modern,106.84710693359375,16.69507670280639,64.87453650832653,0.0,1,auto
b0184_0.jpg,b0184,evening,modern,36.9638671875,4.514453036275363,25.648226249642402,0.716552734375,0,auto
b0184_1.jpg,b0184,evening,modern,40.031005859375,5.900399347909379,27.789754039176998,0.340087890625,0,reviewed
b0184_2.jpg,b0184,evening,modern,38.7169189453125,6.0787228079467495,28.297244900770416,0.46099853515625,0,auto
b0185_0.jpg,b0185,indoor,modern,73.40350341796875,6.703404709453158,28.896197435026156,0.0,1,reviewed
b0185_1.jpg,b0185,indoor,modern,75.54547119140625,16.25005281685077,52.48905938446758,0.09600830078125,1,reviewed
b0185_2.jpg,b0185,indoor,modern,72.973876953125,13.225514529824897,44.78541920838569,0.0311279296875,1,auto
b0186_0.jpg,b0186,daylight,modern,176.58306884765625,18.774890613138044,39.55354461443624,0.0,1,auto
b0186_1.jpg,b0186,daylight,modern,191.55859375,17.61191847134238,70.92347129303347,0.0,1,auto
b0186_2.jpg,b0186,daylight,modern,173.19134521484375,27.96583558134215,56.53529002736596,0.0,1,auto
b0187_0.jpg,b0187,daylight,older,85.6572265625,18.078869407843428,215.73605981758433,0.044921875,1,reviewed
b0187_1.jpg,b0187,daylight,older,102.245849609375,20.937496673526784,236.36740940590818,0.01019287109375,1,auto
b0187_2.jpg,b0187,daylight,older,103.43817138671875,15.70553729841659,217.19749847931712,0.0018310546875,1,reviewed
b0188_0.jpg,b0188,indoor,older,48.44415283203125,12.971114477227077,198.6712388205606,0.213623046875,0,auto
b0188_1.jpg,b0188,indoor,older,62.516845703125,11.479982553358312,196.92896662822284,0.0406494140625,0,auto
b0188_2.jpg,b0188,indoor,older,54.9241943359375,10.148061149936895,192.9332277577073,0.0692138671875,0,auto
b0189_0.jpg,b0189,evening,modern,49.32391357421875,5.202749556307278,25.451886206643017,0.06744384765625,0,auto
b0189_1.jpg,b0189,evening,modern,43.7808837890625,8.159853777614027,30.62143377383661,0.131103515625,0,auto
b0189_2.jpg,b0189,evening,modern,46.82763671875,6.131947819684968,27.046305243704786,0.09893798828125,0,reviewed
b0190_0.jpg,b0190,daylight,older,85.426025390625,13.893134490110315,194.24167353883718,0.0023193359375,0,reviewed
b0190_1.jpg,b0190,daylight,older,80.30133056640625,16.60957220564675,196.6316430558337,0.04022216796875,1,auto
b0190_2.jpg,b0190,daylight,older,91.61737060546875,15.789640978404462,192.09111149054962,0.00811767578125,1,auto
b0191_0.jpg,b0191,indoor,modern,91.0880126953125,8.7500805161382,34.794216329830135,0.0,1,auto
b0191_1.jpg,b0191,indoor,modern,98.84649658203125,9.176249152953408,34.59655160069202,0.0,1,auto
b0191_2.jpg,b0191,indoor,modern,98.62200927734375,11.993915550003553,48.64096996716531,0.0,1,auto
b0192_0.jpg,b0192,indoor,modern,117.33642578125,19.03030327382384,69.95306817794491,0.0,1,reviewed
b0192_1.jpg,b0192,indoor,modern,112.0421142578125,18.062491452815664,62.91134940580999,0.0,0,reviewed
b0192_2.jpg,b0192,indoor,modern,122.395263671875,8.922833630023081,33.93916176039929,0.0,1,reviewed
b0193_0.jpg,b0193,daylight,modern,136.40081787109375,17.896735496199597,26.652479564243645,0.0,1,reviewed
b0193_1.jpg,b0193,daylight,modern,128.84832763671875,16.75460905820949,28.55672047459167,0.0,1,auto
b0193_2.jpg,b0193,daylight,modern,140.0460205078125,18.56518831237104,27.585008487643613,0.0,1,reviewed
b0194_0.jpg,b0194,indoor,older,67.6378173828125,10.560156014040215,191.31986470557354,0.00616455078125,1,reviewed
b0194_1.jpg,b0194,indoor,older,62.119384765625,11.911683890116006,193.56729594902555,0.0498046875,0,auto
b0194_2.jpg,b0194,indoor,older,56.1141357421875,11.573650045517416,192.56255207655806,0.08203125,0,reviewed
b0195_0.jpg,b0195,indoor,modern,123.6846923828125,14.304756026361689,58.980627342617446,0.0,1,reviewed
b0195_1.jpg,b0195,indoor,modern,116.04498291015625,20.323200077770114,76.96870871155097,0.0,1,auto
b0195_2.jpg,b0195,indoor,modern,111.1522216796875,11.369800384650366,37.655640917085044,0.0,1,auto
b0196_0.jpg,b0196,evening,modern,64.5777587890625,5.738465711928018,25.234137781066188,0.000244140625,1,auto
b0196_1.jpg,b0196,evening,modern,61.6341552734375,5.7284280657782904,24.22616393623884,0.00079345703125,0,auto
b0196_2.jpg,b0196,evening,modern,57.9119873046875,8.013550100347306,25.064609937515492,0.06884765625,0,auto
b0197_0.jpg,b0197,evening,modern,53.37249755859375,5.702363216459948,24.674752112229747,0.02484130859375,0,auto
b0197_1.jpg,b0197,evening,modern,52.0223388671875,6.734301696121713,26.72864383933244,0.06640625,0,auto
b0197_2.jpg,b0197,evening,modern,48.7847900390625,11.456628817082308,27.863467147109134,0.17645263671875,0,reviewed
b0198_0.jpg,b0198,indoor,older,82.71539306640625,10.857025032010108,193.50190902452607,0.00030517578125,1,auto
b0198_1.jpg,b0198,indoor,older,85.871337890625,19.031087688323904,218.4559246792249,0.04931640625,1,auto
b0198_2.jpg,b0198,indoor,older,83.2398681640625,14.719266922391865,209.0038383223893,0.01727294921875,1,auto
b0199_0.jpg,b0199,indoor,older,41.0628662109375,11.870021694463004,194.98391163860268,0.40557861328125,0,auto
b0199_1.jpg,b0199,indoor,older,39.4630126953125,9.571851233740235,180.2634595651732,0.4984130859375,0,auto
b0199_2.jpg,b0199,indoor,older,41.35687255859375,9.902029753866325,190.45428463006468,0.4251708984375,0,auto
b0200_0.jpg,b0200,daylight,modern,199.0869140625,33.88545970677526,37.64788373249634,0.0,1,reviewed
b0200_1.jpg,b0200,daylight,modern,219.1787109375,18.96694920144494,31.35399421124343,0.0,1,reviewed
b0200_2.jpg,b0200,daylight,modern,208.597900390625,30.912289451710432,35.851713731823516,0.0,1,reviewed
b0201_0.jpg,b0201,indoor,modern,77.27032470703125,5.257433654816741,24.7019696784759,0.0,1,auto
b0201_1.jpg,b0201,indoor,modern,73.876708984375,6.427019267842299,25.3833392093593,0.0,1,auto
b0201_2.jpg,b0201,indoor,modern,72.791748046875,7.781067409441305,25.301288854918212,0.0006103515625,1,auto
b0202_0.jpg,b0202,indoor,older,58.55517578125,15.157848903044867,203.86469017441726,0.11859130859375,1,reviewed
b0202_1.jpg,b0202,indoor,older,69.47479248046875,14.748645969726647,212.56248458333607,0.06524658203125,0,reviewed
b0202_2.jpg,b0202,indoor,older,67.81964111328125,11.323738481239879,198.8316988547921,0.01556396484375,1,auto
b0203_0.jpg,b0203,daylight,older,81.7811279296875,16.611137174196177,217.8952061134329,0.0423583984375,1,reviewed
b0203_1.jpg,b0203,daylight,older,80.71429443359375,11.620188678630857,196.6276367384405,0.00079345703125,1,reviewed
b0203_2.jpg,b0203,daylight,older,73.17822265625,12.783922946558665,186.2077453519406,0.015869140625,1,reviewed
b0204_0.jpg,b0204,evening,modern,58.96051025390625,7.784831670252877,30.053261631478314,0.0692138671875,0,auto
b0204_1.jpg,b0204,evening,modern,62.80731201171875,10.837293996353097,35.98922009698443,0.099853515625,1,reviewed
b0204_2.jpg,b0204,evening,modern,56.35369873046875,10.52637856735264,37.20930419627595,0.1026611328125,0,auto
b0205_0.jpg,b0205,indoor,modern,94.42193603515625,9.858032038182387,26.974447419041777,0.0,1,auto
b0205_1.jpg,b0205,indoor,modern,94.85052490234375,9.144773816350622,25.30466991245843,0.0,1,auto
b0205_2.jpg,b0205,indoor,modern,91.60101318359375,13.015992696217614,28.63410094232923,0.0,1,reviewed
b0206_0.jpg,b0206,indoor,modern,141.5675048828125,22.22083947025115,49.21362209417951,0.0,1,auto
b0206_1.jpg,b0206,indoor,modern,137.9454345703125,17.07360562218795,37.18481004573144,0.0,1,auto
b0206_2.jpg,b0206,indoor,modern,144.767822265625,17.520939613644384,62.40524328156351,0.0,1,auto
b0207_0.jpg,b0207,evening,older,40.133544921875,9.776618199054896,191.23628182677038,0.4716796875,0,auto
b0207_1.jpg,b0207,evening,older,39.18572998046875,10.400476484884543,190.23049169019785,0.49859619140625,1,reviewed
b0207_2.jpg,b0207,evening,older,38.22039794921875,11.940621378476768,185.53360646010773,0.5057373046875,0,auto
b0208_0.jpg,b0208,indoor,older,64.61114501953125,10.334067187520889,188.95345971781904,0.01019287109375,1,auto
b0208_1.jpg,b0208,indoor,older,69.1575927734375,12.368776783786474,195.63549551651155,0.0284423828125,1,auto
b0208_2.jpg,b0208,indoor,older,66.47259521484375,11.497461971680991,194.7619872131058,0.02178955078125,1,auto
b0209_0.jpg,b0209,indoor,modern,70.4537353515625,8.181462958713738,30.585860755824683,0.0001220703125,1,reviewed
b0209_1.jpg,b0209,indoor,modern,71.16644287109375,6.818889949952875,28.21853409619151,0.0,1,reviewed
b0209_2.jpg,b0209,indoor,modern,71.58184814453125,5.919711437090856,27.90085945303021,0.0,1,auto
b0210_0.jpg,b0210,indoor,modern,119.23773193359375,8.898842293932454,26.14632552818953,0.0,1,auto
b0210_1.jpg,b0210,indoor,modern,109.02752685546875,16.341289895715754,32.532540464671726,0.0,0,reviewed
b0210_2.jpg,b0210,indoor,modern,115.11370849609375,7.155367888249866,25.62655169975229,0.0,1,reviewed
b0211_0.jpg,b0211,daylight,modern,212.092041015625,14.69495157166672,58.56429427658284,0.0,1,auto
b0211_1.jpg,b0211,daylight,modern,201.62457275390625,24.098463570790862,129.3210136125772,0.0,1,auto
b0211_2.jpg,b0211,daylight,modern,208.45489501953125,36.07663002686676,77.15670600341137,0.0,1,auto
b0212_0.jpg,b0212,indoor,modern,120.96209716796875,7.491008046913163,25.648026237834358,0.0,1,auto
b0212_1.jpg,b0212,indoor,modern,130.129638671875,14.102210960377969,48.8515689008562,0.0,1,auto
b0212_2.jpg,b0212,indoor,modern,123.0294189453125,22.63054282402505,46.297219899294404,0.0,1,reviewed
b0213_0.jpg,b0213,daylight,modern,176.60943603515625,24.582221851901107,124.46600567105283,0.0,1,auto
b0213_1.jpg,b0213,daylight,modern,181.75054931640625,21.168541445150357,99.96796306098038,0.0,0,reviewed
b0213_2.jpg,b0213,daylight,modern,163.1817626953125,17.412435627189847,84.23791618294379,0.0,1,auto
